Workbook

Sheet 試験仕様書観点
B2: テスト仕様書作成時の観点
B4: 分類：表紙
B5: 1 | D5: 表紙の作成者に、新規作成者の名前を記載すること
B6: =B5+1 -> 2
B7: 分類：更新履歴
B8: 1 | D8: バージョンを記載すること ※レビュー完成時にv1.0。その後、修正するごとに0.1あげていくこと
B9: =B8+1 -> 2 | D9: 章番号を記載すること ※番号となっているが、修正したシート名
B10: =B9+1 -> 3 | D10: 更新内容を記載すること
B11: =B10+1 -> 4 | D11: 作成者／更新者を記載すること
B12: =B11+1 -> 5 | D12: 内容欄に、修正対応を行ったTaskNoを記載していること (例)Task.999：○○○ボタンを新規で追加
B13: =B12+1 -> 6
B14: 分類：画面詳細
B15: 1 | D15: シート名が「画面詳細（※権限）」となっていること ※権限には受講生、講師、管理者のいずれかが明記されていること
B16: =B15+1 -> 2 | D16: 改修対象の項目が試験項目となっており 改修対象外の項目は試験対象外となっていること。 ※改修によって影響が及んでいる既存項目は試験対象とする
B17: =B16+1 -> 3 | D17: 試験観点は「単体試験観点表」に沿って作成されていること document\30_単体テスト\00_準備\単体試験観点表.xlsx
B18: =B17+1 -> 4 | D18: 分岐処理がある項目の試験観点は想定される分岐処理が全て網羅されていること 例1 正常：～であること 異常：～であること 例2 （値1）の場合：～であること （値2）の場合：～であること
B19: =B18+1 -> 5
B20: 分類：イベント処理
B21: 1 | D21: シート名が「イベント処理（※権限）」となっていること ※権限には受講生、講師、管理者のいずれかが明記されていること
B22: =B21+1 -> 2 | D22: 改修対象のイベント処理が試験対象となっており 改修対象外の項目は試験対象外となっていること。
B23: =B22+1 -> 3 | D23: 試験観点は「単体試験観点表」に沿って作成されていること document\30_単体テスト\00_準備\単体試験観点表.xlsx
B24: =B23+1 -> 4 | D24: 分岐処理がある項目の試験観点は想定される分岐処理が全て網羅されていること 例1 正常：～であること 異常：～であること 例2 （値1）の場合：～であること （値2）の場合：～であること
B25: =B24+1 -> 5 | D25: 検索処理のような事前にＤＢ値を設定する必要がある試験を行う場合、 SQL（Insert文)を作成した上で試験を実施していること document\30_単体テスト\01_仕様書\99_テストデータ
B26: 分類：試験データ
B27: 1 | D27: DBへの更新処理がある試験は試験データのシートが存在し、シート名が「試験データ（※権限）」となっていること ※権限には受講生、講師、管理者のいずれかが明記されていること
B28: =B27+1 -> 2 | D28: 実際に入力する入力値と更新後のレコードが対になって記載されていること 更新後レコードの各カラムには「更新対象か」「更新される値は何か」が明記されていること
B29: =B28+1 -> 3
B30: 分類：レビュー依頼準備
B31: 1 | D31: 上記ファイルのレビュー記録表（テンプレート）シート内の作成者、作成日、成果物、機能名を記入すること ※レビュー日、レビュー形式などは未記入でよい
B32: =B31+1 -> 2 | D32: 上記修正後、ファイルをgitへcommit&pushすること
B33: =B32+1 -> 3

Sheet 表紙
O8: LMS学習管理システム
O9: 体験型Java研修
O10: Task.29 勤怠管理直接変更画面画面
O11: テスト仕様書 画面レイアウト設計
X15: ="第"&TEXT(MAX(更新履歴!A8:I167),"#0.0")&"版" -> 第1.0版 | AA15: =MAX(更新履歴!J8:Q31) -> 46038
U18: 作成者 | Z18: 審査者 | AE18: 承認者
U19: 大嶋悠暉

Sheet 更新履歴
A1: プロジェクト名 | J1: システム名 | R1: =表紙!O11 -> テスト仕様書 画面レイアウト設計 | AJ1: 作成者 | AO1: 作成日 | AT1: 更新者 | AY1: 更新日
A2: =表紙!O9 -> 体験型Java研修 | J2: =表紙!O8 -> LMS学習管理システム | R2: Task.29 勤怠管理直接変更画面 | AJ2: 大嶋悠暉 | AO2: 46038
A5: バージョン | J5: 日付 | R5: 章番号 | V5: 内容 | AT5: 作成者 / 更新者
A8: 1 | J8: 46038 | R8: 章全体 | V8: Task.29:勤怠管理の内容にスクロールバーを追加 | AT8: 大嶋悠暉

Sheet 画面詳細(受講生)
A1: プロジェクト名 | J1: システム名 | R1: =更新履歴!R1 -> テスト仕様書 画面レイアウト設計 | AJ1: 作成者 | AO1: 作成日 | AT1: 更新者 | AY1: 更新日
A2: =表紙!O9 -> 体験型Java研修 | J2: =表紙!O8 -> LMS学習管理システム | R2: 勤怠管理直接変更画面 | AJ2: 大嶋 | AO2: 46038
B5: 画面イメージ
AZ7: No | BB7: 実施日 | BD7: 実施者 | BF7: 初回 OK/NG | BH7: 再試験 OK/NG | BJ7: 再々試験 OK/NG | BL7: 補足（試験観点） | BW7: 0.71241242
AZ9: 1 | BL9: レイアウトがモック（結合環境）と一致していること
B39: 画面表示項目
B40: No | D40: 項目名 | N40: データ元 | AD40: 備考 | AX40: 権限ごとの 表示可否 | BB40: 実施日 | BD40: 実施者 | BF40: 初回 OK/NG | BH40: 再試験 OK/NG | BJ40: 再々試験 OK/NG | BL40: 補足（試験観点） | BW40: 0.71241242
N41: テーブル | V41: 項目 | AX41: 受 | AZ41: 講
B42: 1 | D42: スクロールバー | N42: - | V42: - | AX42: ○ | AZ42: ー | BL42: ・備考の右にスクロールバーが表示されている ・スクロールし、他の日付も見ることができる

Sheet 画面詳細(企業担当者)
A1: プロジェクト名 | J1: システム名 | R1: =更新履歴!R1 -> テスト仕様書 画面レイアウト設計 | AJ1: 作成者 | AO1: 作成日 | AT1: 更新者 | AY1: 更新日
A2: =表紙!O10 -> Task.29 勤怠管理直接変更画面画面 | J2: =表紙!O9 -> 体験型Java研修 | R2: =RIGHT(CELL("filename",A1),LEN(CELL("filename",A1))-FIND("]",CELL("filename",A1))) -> #VALUE! | AJ2: 寺岡 | AO2: 43045 | AT2: FUSE：本江 | AY2: 43133
B5: 画面イメージ
B41: 出力仕様
B42: No | D42: 項目名 | N42: データ元 | AD42: 備考
N43: テーブル名 | V43: フィールド
B44: 受講生情報
B45: 1 | D45: ユーザー名
B46: 2 | D46: 企業名
B47: 3 | D47: コース名
B48: 4 | D48: 会場名
B49: 勤怠情報一覧
B50: 5 | D50: 日付 | N50: m_section | V50: date | AD50: ログインしているユーザのLMSユーザIDから、日付、セクション名、出勤時刻、退勤時刻、中抜け時間、ステータス、備考を全件取得。
B52: 6 | D52: セクション名 | N52: m_section | V52: section_name
B53: 7 | D53: 出勤時刻 | N53: t_student_attendance | V53: training_start_time
B54: 8 | D54: 退勤時刻 | N54: t_student_attendance | V54: training_end_time
B55: 9 | D55: 中抜け時間 | N55: t_student_attendance | V55: blank_time | AD55: DB：15 →表示：00:15（表示最小値） DB：30 →表示：00:30 DB：45 →表示：00:45 ︙ DB:465 →表示：07:45（表示最大値）
B60: 10 | D60: ステータス | N60: t_student_attendance | V60: status | AD60: 1="欠席",2="遅刻",3="早退",4="遅刻&早退" 出勤時刻と退勤時刻から該当するものを表示
B62: 11 | D62: 備考 | N62: t_student_attendance | V62: note

Sheet 画面詳細(育成担当者)
A1: プロジェクト名 | J1: システム名 | R1: =更新履歴!R1 -> テスト仕様書 画面レイアウト設計 | AJ1: 作成者 | AO1: 作成日 | AT1: 更新者 | AY1: 更新日
A2: =表紙!O10 -> Task.29 勤怠管理直接変更画面画面 | J2: =表紙!O9 -> 体験型Java研修 | R2: =RIGHT(CELL("filename",A1),LEN(CELL("filename",A1))-FIND("]",CELL("filename",A1))) -> #VALUE! | AJ2: 髙野 | AO2: 43040 | AT2: FUSE：本江 | AY2: 43133
B5: 画面イメージ
B41: 出力仕様
B42: No | D42: 項目名 | N42: データ元 | AD42: 備考
N43: テーブル名 | V43: フィールド
B44: 勤怠情報一覧
B45: 1 | D45: 日付 | N45: m_section | V45: date | AD45: ログインしているユーザのLMSユーザIDから、日付、セクション名、出勤時刻、退勤時刻、中抜け時間、ステータス、備考を全件取得。
B47: 2 | D47: セクション名 | N47: m_section | V47: section_name
B48: 3 | D48: 出勤時刻 | N48: t_student_attendance | V48: training_start_time
B49: 4 | D49: 退勤時刻 | N49: t_student_attendance | V49: training_end_time
B50: 5 | D50: 中抜け時間 | N50: t_student_attendance | V50: blank_time | AD50: DB：15 →表示：00:15（表示最小値） DB：30 →表示：00:30 DB：45 →表示：00:45 ︙ DB:465 →表示：07:45（表示最大値）
B54: 6 | D54: ステータス | N54: t_student_attendance | V54: status | AD54: 1="欠席",2="遅刻",3="早退",4="遅刻&早退" 出勤時刻と退勤時刻から該当するものを表示
B56: 7 | D56: 備考 | N56: t_student_attendance | V56: note

Sheet イベント処理(受講生)
A1: プロジェクト名 | J1: システム名 | R1: =更新履歴!R1 -> テスト仕様書 画面レイアウト設計 | AJ1: 作成者 | AO1: 作成日 | AT1: 更新者 | AY1: 更新日
A2: =表紙!O9 -> 体験型Java研修 | J2: =表紙!O8 -> LMS学習管理システム | R2: =表紙!O10 -> Task.29 勤怠管理直接変更画面画面 | AJ2: 大嶋悠暉 | AO2: 46038
B5: イベント処理
B7: No | D7: イベント名 | M7: 処理概要 | Y7: 想定結果 | AW7: 実施日 | AY7: 実施者 | BA7: OK/NG
B8: 1 | D8: スクロール | M8: 表示 | Y8: 下または上にスクロールし、勤怠情報が見れる
